{"0.0--1580.1065673828":{"z":479.96774291992,"prophash":905954603,"heading":0.0,"y":3173.1091308594,"x":-1580.1065673828,"time":"perm"},"0.0--1415.5531005859":{"z":226.0791015625,"prophash":-544132417,"heading":0.0,"y":1129.8771972656,"x":-1415.5531005859,"time":"perm"},"-58.0--3950.4753417969":{"z":-3.7820453643799,"prophash":1480690756,"heading":-58.0,"y":-2132.1999511719,"x":-3950.4753417969,"time":"perm"},"0.0--1412.2377929688":{"z":225.96527099609,"prophash":-544132417,"heading":0.0,"y":1182.5509033203,"x":-1412.2377929688,"time":"perm"},"0.0--1426.3408203125":{"z":226.02673339844,"prophash":-544132417,"heading":0.0,"y":1187.6284179688,"x":-1426.3408203125,"time":"perm"},"19.0--1533.9434814453":{"z":149.94432067871,"prophash":-965956337,"heading":19.0,"y":-324.91009521484,"x":-1533.9434814453,"time":"perm"},"25.0--3967.3430175781":{"z":-4.4716792106628,"prophash":-274241402,"heading":25.0,"y":-2122.2202148438,"x":-3967.3430175781,"time":"perm"},"0.0--1432.6790771484":{"z":227.07133483887,"prophash":-544132417,"heading":0.0,"y":1180.1156005859,"x":-1432.6790771484,"time":"perm"},"0.0--1439.0574951172":{"z":226.99197387695,"prophash":-544132417,"heading":0.0,"y":1187.1176757813,"x":-1439.0574951172,"time":"perm"},"0.0--1424.4482421875":{"z":224.17561340332,"prophash":-544132417,"heading":0.0,"y":1213.125,"x":-1424.4482421875,"time":"perm"},"90.0--3954.275390625":{"z":-4.5396709442139,"prophash":261622973,"heading":90.0,"y":-2143.2202148438,"x":-3954.275390625,"time":"perm"},"0.0--1522.1818847656":{"z":142.84539794922,"prophash":1239214655,"heading":0.0,"y":-309.56036376953,"x":-1522.1818847656,"time":"perm"},"0.0--1442.0205078125":{"z":226.79873657227,"prophash":-544132417,"heading":0.0,"y":1209.1439208984,"x":-1442.0205078125,"time":"perm"},"0.0--281.92269897461":{"z":119.47964477539,"prophash":-1400017352,"heading":0.0,"y":799.33239746094,"x":-281.92269897461,"time":"perm"},"0.0--1415.4671630859":{"z":226.04920959473,"prophash":-544132417,"heading":0.0,"y":1129.9700927734,"x":-1415.4671630859,"time":"perm"},"0.0--1519.3010253906":{"z":142.7352142334,"prophash":831224990,"heading":0.0,"y":-307.23764038086,"x":-1519.3010253906,"time":"perm"},"0.0--1424.63671875":{"z":226.77033996582,"prophash":-544132417,"heading":0.0,"y":1177.1635742188,"x":-1424.63671875,"time":"perm"},"13.0--311.26217651367":{"z":119.52210235596,"prophash":532045889,"heading":13.0,"y":797.70593261719,"x":-311.26217651367,"time":"perm"},"103.0--1524.4555664063":{"z":142.88772583008,"prophash":-570685890,"heading":103.0,"y":-303.5661315918,"x":-1524.4555664063,"time":"perm"},"0.0--1408.5698242188":{"z":225.55842590332,"prophash":-544132417,"heading":0.0,"y":1195.4886474609,"x":-1408.5698242188,"time":"perm"},"0.0--1419.5643310547":{"z":226.90794372559,"prophash":-544132417,"heading":0.0,"y":1168.3612060547,"x":-1419.5643310547,"time":"perm"},"-107.0--1547.6843261719":{"z":152.69424438477,"prophash":274401399,"heading":-107.0,"y":-307.83187866211,"x":-1547.6843261719,"time":"perm"},"-62.0--1520.9213867188":{"z":142.80656433105,"prophash":558436082,"heading":-62.0,"y":-303.74249267578,"x":-1520.9213867188,"time":"perm"},"141.0--3951.2878417969":{"z":-4.5201029777527,"prophash":-35643824,"heading":141.0,"y":-2149.6674804688,"x":-3951.2878417969,"time":"perm"},"0.0--1410.1795654297":{"z":223.13641357422,"prophash":-544132417,"heading":0.0,"y":1206.5568847656,"x":-1410.1795654297,"time":"perm"},"-136.0--1552.3780517578":{"z":154.09739685059,"prophash":-892155788,"heading":-136.0,"y":-303.31069946289,"x":-1552.3780517578,"time":"perm"},"96.0--269.53732299805":{"z":119.88109588623,"prophash":-965956337,"heading":96.0,"y":802.54962158203,"x":-269.53732299805,"time":"perm"},"38.0--3934.0407714844":{"z":-3.2295255661011,"prophash":-705588077,"heading":38.0,"y":-2154.1877441406,"x":-3934.0407714844,"time":"perm"},"0.0--1521.935546875":{"z":142.88299560547,"prophash":1408389394,"heading":0.0,"y":-308.44885253906,"x":-1521.935546875,"time":"perm"},"0.0--1420.0035400391":{"z":225.89329528809,"prophash":-544132417,"heading":0.0,"y":1198.8111572266,"x":-1420.0035400391,"time":"perm"},"114.0-793.72662353516":{"z":281.90777587891,"prophash":925687109,"heading":114.0,"y":1777.3190917969,"x":793.72662353516,"time":"perm"},"34.0-794.21881103516":{"z":281.86242675781,"prophash":-228408181,"heading":34.0,"y":1777.5173339844,"x":794.21881103516,"time":"perm"},"0.0--1432.9808349609":{"z":226.69232177734,"prophash":-544132417,"heading":0.0,"y":1204.1926269531,"x":-1432.9808349609,"time":"perm"},"0.0--1416.6727294922":{"z":222.75677490234,"prophash":-544132417,"heading":0.0,"y":1215.8430175781,"x":-1416.6727294922,"time":"perm"},"17.0--1528.962890625":{"z":150.28825378418,"prophash":-965956337,"heading":17.0,"y":-323.17611694336,"x":-1528.962890625,"time":"perm"},"90.0--272.90701293945":{"z":119.49304199219,"prophash":-965956337,"heading":90.0,"y":775.81481933594,"x":-272.90701293945,"time":"perm"},"0.0--1447.3453369141":{"z":226.84693908691,"prophash":-544132417,"heading":0.0,"y":1198.0681152344,"x":-1447.3453369141,"time":"perm"},"33.0--1540.6800537109":{"z":148.64462280273,"prophash":1109801110,"heading":33.0,"y":-327.06408691406,"x":-1540.6800537109,"time":"perm"},"-14.0--1525.5989990234":{"z":143.19436645508,"prophash":1177701041,"heading":-14.0,"y":-314.91354370117,"x":-1525.5989990234,"time":"perm"},"180.0-3287.87890625":{"z":43.286903381348,"prophash":-1043434543,"heading":180.0,"y":-1304.7630615234,"x":3287.87890625,"time":"perm"},"0.0--1518.2229003906":{"z":142.80459594727,"prophash":1567452883,"heading":0.0,"y":-307.98211669922,"x":-1518.2229003906,"time":"perm"},"185.0--1523.4041748047":{"z":142.88417053223,"prophash":-455186499,"heading":185.0,"y":-306.08129882813,"x":-1523.4041748047,"time":"perm"}}